2026/09/13 13:33:51.007, 0, 12288, 418, 11698
2026/09/13 13:33:51.212, 0, 12288, 511, 11605
2026/09/13 13:33:51.419, 0, 12288, 511, 11605
2026/09/13 13:33:51.627, 0, 12288, 511, 11605
2026/09/13 13:33:51.833, 0, 12288, 511, 11605
2026/09/13 13:33:52.034, 0, 12288, 511, 11605
2026/09/13 13:33:52.241, 0, 12288, 511, 11605
2026/09/13 13:33:52.446, 0, 12288, 1855, 10261
2026/09/13 13:33:52.652, 0, 12288, 10197, 1919
2026/09/13 13:33:52.859, 0, 12288, 10197, 1919
2026/09/13 13:33:53.065, 0, 12288, 10197, 1919
2026/09/13 13:33:53.273, 0, 12288, 10197, 1919
2026/09/13 13:33:53.479, 0, 12288, 10197, 1919
2026/09/13 13:33:53.685, 0, 12288, 10197, 1919
2026/09/13 13:33:53.892, 0, 12288, 10197, 1919
2026/09/13 13:33:54.099, 0, 12288, 10197, 1919
2026/09/13 13:33:54.305, 0, 12288, 10197, 1919
2026/09/13 13:33:54.511, 0, 12288, 10197, 1919
2026/09/13 13:33:54.719, 0, 12288, 10197, 1919
2026/09/13 13:33:54.926, 0, 12288, 10197, 1919
2026/09/13 13:33:55.133, 0, 12288, 10197, 1919
2026/09/13 13:33:55.341, 0, 12288, 10197, 1919
2026/09/13 13:33:55.548, 0, 12288, 10197, 1919
2026/09/13 13:33:55.755, 0, 12288, 10197, 1919
2026/09/13 13:33:55.958, 0, 12288, 11613, 503
2026/09/13 13:33:56.164, 0, 12288, 11629, 487
2026/09/13 13:33:56.366, 0, 12288, 11629, 487
2026/09/13 13:33:56.566, 0, 12288, 11629, 487
2026/09/13 13:33:56.770, 0, 12288, 11629, 487
2026/09/13 13:33:56.975, 0, 12288, 11629, 487
2026/09/13 13:33:57.181, 0, 12288, 11629, 487
2026/09/13 13:33:57.389, 0, 12288, 11629, 487
2026/09/13 13:33:57.597, 0, 12288, 11629, 487
2026/09/13 13:33:57.804, 0, 12288, 11629, 487
2026/09/13 13:33:58.009, 0, 12288, 11629, 487
2026/09/13 13:33:58.215, 0, 12288, 11629, 487
2026/09/13 13:33:58.422, 0, 12288, 11815, 301
2026/09/13 13:33:58.629, 0, 12288, 11819, 297
2026/09/13 13:33:58.833, 0, 12288, 11819, 297
2026/09/13 13:33:59.037, 0, 12288, 11819, 297
2026/09/13 13:33:59.242, 0, 12288, 11819, 297
2026/09/13 13:33:59.448, 0, 12288, 11851, 265
2026/09/13 13:33:59.651, 0, 12288, 11851, 265
2026/09/13 13:33:59.854, 0, 12288, 11851, 265
2026/09/13 13:34:00.061, 0, 12288, 11851, 265
2026/09/13 13:34:00.266, 0, 12288, 11851, 265
2026/09/13 13:34:00.472, 0, 12288, 11851, 265
2026/09/13 13:34:00.675, 0, 12288, 11851, 265
2026/09/13 13:34:00.880, 0, 12288, 11851, 265
2026/09/13 13:34:01.087, 0, 12288, 11851, 265
2026/09/13 13:34:01.291, 0, 12288, 11851, 265
2026/09/13 13:34:01.497, 0, 12288, 11851, 265
2026/09/13 13:34:01.705, 0, 12288, 11851, 265
2026/09/13 13:34:01.908, 0, 12288, 11851, 265
2026/09/13 13:34:02.114, 0, 12288, 11851, 265
2026/09/13 13:34:02.320, 0, 12288, 11851, 265
2026/09/13 13:34:02.522, 0, 12288, 11851, 265
2026/09/13 13:34:02.725, 0, 12288, 11851, 265
2026/09/13 13:34:02.929, 0, 12288, 11851, 265
2026/09/13 13:34:03.132, 0, 12288, 11851, 265
2026/09/13 13:34:03.337, 0, 12288, 11851, 265
2026/09/13 13:34:03.543, 0, 12288, 11851, 265
2026/09/13 13:34:03.750, 0, 12288, 11851, 265
2026/09/13 13:34:03.954, 0, 12288, 11851, 265
2026/09/13 13:34:04.161, 0, 12288, 11851, 265
2026/09/13 13:34:04.367, 0, 12288, 11851, 265
2026/09/13 13:34:04.570, 0, 12288, 11851, 265
2026/09/13 13:34:04.773, 0, 12288, 11851, 265
2026/09/13 13:34:04.977, 0, 12288, 11851, 265
2026/09/13 13:34:05.183, 0, 12288, 11851, 265
2026/09/13 13:34:05.390, 0, 12288, 11851, 265
2026/09/13 13:34:05.596, 0, 12288, 11851, 265
2026/09/13 13:34:05.802, 0, 12288, 11851, 265
2026/09/13 13:34:06.008, 0, 12288, 11851, 265
2026/09/13 13:34:06.210, 0, 12288, 11851, 265
2026/09/13 13:34:06.414, 0, 12288, 11851, 265
2026/09/13 13:34:06.621, 0, 12288, 11851, 265
2026/09/13 13:34:06.826, 0, 12288, 11851, 265
2026/09/13 13:34:07.033, 0, 12288, 11851, 265
2026/09/13 13:34:07.237, 0, 12288, 11851, 265
2026/09/13 13:34:07.441, 0, 12288, 11851, 265
2026/09/13 13:34:07.647, 0, 12288, 11851, 265
2026/09/13 13:34:07.848, 0, 12288, 11851, 265
2026/09/13 13:34:08.052, 0, 12288, 11851, 265
2026/09/13 13:34:08.259, 0, 12288, 11851, 265
2026/09/13 13:34:08.461, 0, 12288, 11851, 265
2026/09/13 13:34:08.669, 0, 12288, 11851, 265
2026/09/13 13:34:08.875, 0, 12288, 11851, 265
2026/09/13 13:34:09.080, 0, 12288, 11851, 265
2026/09/13 13:34:09.286, 0, 12288, 11851, 265
2026/09/13 13:34:09.492, 0, 12288, 11851, 265
2026/09/13 13:34:09.698, 0, 12288, 11851, 265
2026/09/13 13:34:09.905, 0, 12288, 11851, 265
2026/09/13 13:34:10.109, 0, 12288, 11851, 265
2026/09/13 13:34:10.315, 0, 12288, 11851, 265
2026/09/13 13:34:10.521, 0, 12288, 11851, 265
2026/09/13 13:34:10.724, 0, 12288, 11851, 265
2026/09/13 13:34:10.932, 0, 12288, 11851, 265
2026/09/13 13:34:11.137, 0, 12288, 11851, 265
2026/09/13 13:34:11.342, 0, 12288, 11851, 265
2026/09/13 13:34:11.550, 0, 12288, 11851, 265
2026/09/13 13:34:11.752, 0, 12288, 11851, 265
2026/09/13 13:34:11.957, 0, 12288, 11851, 265
2026/09/13 13:34:12.162, 0, 12288, 11851, 265
2026/09/13 13:34:12.368, 0, 12288, 11851, 265
2026/09/13 13:34:12.572, 0, 12288, 11851, 265
2026/09/13 13:34:12.777, 0, 12288, 11851, 265
2026/09/13 13:34:12.982, 0, 12288, 11851, 265
2026/09/13 13:34:13.188, 0, 12288, 11851, 265
2026/09/13 13:34:13.395, 0, 12288, 11851, 265
2026/09/13 13:34:13.610, 0, 12288, 11851, 265
2026/09/13 13:34:13.818, 0, 12288, 11851, 265
2026/09/13 13:34:14.038, 0, 12288, 11851, 265
2026/09/13 13:34:14.245, 0, 12288, 11851, 265
2026/09/13 13:34:14.451, 0, 12288, 11851, 265
2026/09/13 13:34:14.654, 0, 12288, 11851, 265
2026/09/13 13:34:14.858, 0, 12288, 11851, 265
2026/09/13 13:34:15.063, 0, 12288, 11851, 265
2026/09/13 13:34:15.269, 0, 12288, 11851, 265
2026/09/13 13:34:15.474, 0, 12288, 11851, 265
2026/09/13 13:34:15.678, 0, 12288, 11851, 265
2026/09/13 13:34:15.884, 0, 12288, 11851, 265
2026/09/13 13:34:16.091, 0, 12288, 11851, 265
2026/09/13 13:34:16.299, 0, 12288, 11851, 265
2026/09/13 13:34:16.505, 0, 12288, 11851, 265
2026/09/13 13:34:16.711, 0, 12288, 11851, 265
2026/09/13 13:34:16.917, 0, 12288, 11851, 265
2026/09/13 13:34:17.125, 0, 12288, 11851, 265
2026/09/13 13:34:17.331, 0, 12288, 11851, 265
2026/09/13 13:34:17.534, 0, 12288, 11851, 265
2026/09/13 13:34:17.740, 0, 12288, 11851, 265
2026/09/13 13:34:17.947, 0, 12288, 11851, 265
2026/09/13 13:34:18.154, 0, 12288, 11851, 265
2026/09/13 13:34:18.362, 0, 12288, 11851, 265
2026/09/13 13:34:18.567, 0, 12288, 11851, 265
2026/09/13 13:34:18.772, 0, 12288, 11851, 265
2026/09/13 13:34:18.987, 0, 12288, 11851, 265
2026/09/13 13:34:19.193, 0, 12288, 11851, 265
2026/09/13 13:34:19.395, 0, 12288, 11851, 265
2026/09/13 13:34:19.601, 0, 12288, 11851, 265
2026/09/13 13:34:19.809, 0, 12288, 11851, 265
2026/09/13 13:34:20.017, 0, 12288, 11851, 265
2026/09/13 13:34:20.223, 0, 12288, 11851, 265
2026/09/13 13:34:20.429, 0, 12288, 11851, 265
2026/09/13 13:34:20.635, 0, 12288, 11851, 265
2026/09/13 13:34:20.858, 0, 12288, 11851, 265
2026/09/13 13:34:21.066, 0, 12288, 11851, 265
2026/09/13 13:34:21.270, 0, 12288, 11851, 265
2026/09/13 13:34:21.474, 0, 12288, 11851, 265
2026/09/13 13:34:21.681, 0, 12288, 11851, 265
2026/09/13 13:34:21.888, 0, 12288, 11851, 265
2026/09/13 13:34:22.095, 0, 12288, 11851, 265
2026/09/13 13:34:22.301, 0, 12288, 11851, 265
2026/09/13 13:34:22.505, 0, 12288, 11851, 265
2026/09/13 13:34:22.711, 0, 12288, 11851, 265
2026/09/13 13:34:22.919, 0, 12288, 11851, 265
2026/09/13 13:34:23.126, 0, 12288, 11851, 265
2026/09/13 13:34:23.333, 0, 12288, 11851, 265
2026/09/13 13:34:23.538, 0, 12288, 11851, 265
2026/09/13 13:34:23.742, 0, 12288, 11851, 265
2026/09/13 13:34:23.949, 0, 12288, 11851, 265
2026/09/13 13:34:24.157, 0, 12288, 11851, 265
2026/09/13 13:34:24.364, 0, 12288, 11851, 265
2026/09/13 13:34:24.569, 0, 12288, 11851, 265
2026/09/13 13:34:24.773, 0, 12288, 11851, 265
2026/09/13 13:34:24.981, 0, 12288, 11851, 265
2026/09/13 13:34:25.189, 0, 12288, 11851, 265
2026/09/13 13:34:25.396, 0, 12288, 11851, 265
2026/09/13 13:34:25.601, 0, 12288, 11851, 265
2026/09/13 13:34:25.803, 0, 12288, 11851, 265
2026/09/13 13:34:26.004, 0, 12288, 11851, 265
2026/09/13 13:34:26.210, 0, 12288, 11851, 265
2026/09/13 13:34:26.416, 0, 12288, 11851, 265
2026/09/13 13:34:26.624, 0, 12288, 11851, 265
2026/09/13 13:34:26.832, 0, 12288, 11851, 265
2026/09/13 13:34:27.040, 0, 12288, 11851, 265
2026/09/13 13:34:27.248, 0, 12288, 11851, 265
2026/09/13 13:34:27.456, 0, 12288, 11851, 265
2026/09/13 13:34:27.678, 0, 12288, 11851, 265
2026/09/13 13:34:27.886, 0, 12288, 11851, 265
2026/09/13 13:34:28.093, 0, 12288, 11851, 265
2026/09/13 13:34:28.299, 0, 12288, 11851, 265
2026/09/13 13:34:28.507, 0, 12288, 11851, 265
2026/09/13 13:34:28.715, 0, 12288, 11851, 265
2026/09/13 13:34:28.921, 0, 12288, 11851, 265
2026/09/13 13:34:29.129, 0, 12288, 11851, 265
2026/09/13 13:34:29.337, 0, 12288, 11851, 265
2026/09/13 13:34:29.545, 0, 12288, 11851, 265
2026/09/13 13:34:29.753, 0, 12288, 11851, 265
2026/09/13 13:34:29.959, 0, 12288, 11851, 265
2026/09/13 13:34:30.167, 0, 12288, 11851, 265
2026/09/13 13:34:30.375, 0, 12288, 11851, 265
2026/09/13 13:34:30.582, 0, 12288, 11851, 265
2026/09/13 13:34:30.789, 0, 12288, 11851, 265
2026/09/13 13:34:30.997, 0, 12288, 11851, 265
2026/09/13 13:34:31.203, 0, 12288, 11851, 265
2026/09/13 13:34:31.409, 0, 12288, 11851, 265
2026/09/13 13:34:31.616, 0, 12288, 11851, 265
2026/09/13 13:34:31.822, 0, 12288, 11851, 265
2026/09/13 13:34:32.030, 0, 12288, 11851, 265
2026/09/13 13:34:32.237, 0, 12288, 11851, 265
2026/09/13 13:34:32.444, 0, 12288, 11851, 265
2026/09/13 13:34:32.647, 0, 12288, 11851, 265
2026/09/13 13:34:32.851, 0, 12288, 11851, 265
2026/09/13 13:34:33.059, 0, 12288, 11851, 265
2026/09/13 13:34:33.265, 0, 12288, 11851, 265
2026/09/13 13:34:33.473, 0, 12288, 11851, 265
2026/09/13 13:34:33.680, 0, 12288, 11851, 265
2026/09/13 13:34:33.887, 0, 12288, 11851, 265
2026/09/13 13:34:34.095, 0, 12288, 11851, 265
2026/09/13 13:34:34.303, 0, 12288, 11851, 265
2026/09/13 13:34:34.506, 0, 12288, 11851, 265
2026/09/13 13:34:34.713, 0, 12288, 11851, 265
2026/09/13 13:34:34.920, 0, 12288, 11851, 265
2026/09/13 13:34:35.126, 0, 12288, 11851, 265
2026/09/13 13:34:35.333, 0, 12288, 11851, 265
2026/09/13 13:34:35.536, 0, 12288, 11851, 265
2026/09/13 13:34:35.738, 0, 12288, 11851, 265
2026/09/13 13:34:35.940, 0, 12288, 11851, 265
2026/09/13 13:34:36.147, 0, 12288, 11851, 265
2026/09/13 13:34:36.353, 0, 12288, 11851, 265
2026/09/13 13:34:36.561, 0, 12288, 11851, 265
2026/09/13 13:34:36.768, 0, 12288, 11851, 265
2026/09/13 13:34:36.972, 0, 12288, 419, 11697
2026/09/13 13:34:37.176, 0, 12288, 419, 11697
2026/09/13 13:34:37.380, 0, 12288, 419, 11697
2026/09/13 13:34:37.586, 0, 12288, 419, 11697
2026/09/13 13:34:37.793, 0, 12288, 419, 11697
2026/09/13 13:34:38.001, 0, 12288, 419, 11697
2026/09/13 13:34:38.206, 0, 12288, 419, 11697
