2026/09/14 14:11:55.227, 0, 12288, 594, 11522
2026/09/14 14:11:55.435, 0, 12288, 686, 11430
2026/09/14 14:11:55.642, 0, 12288, 686, 11430
2026/09/14 14:11:55.851, 0, 12288, 686, 11430
2026/09/14 14:11:56.058, 0, 12288, 686, 11430
2026/09/14 14:11:56.266, 0, 12288, 686, 11430
2026/09/14 14:11:56.474, 0, 12288, 686, 11430
2026/09/14 14:11:56.681, 0, 12288, 7214, 4902
2026/09/14 14:11:56.887, 0, 12288, 10372, 1744
2026/09/14 14:11:57.095, 0, 12288, 10372, 1744
2026/09/14 14:11:57.302, 0, 12288, 10372, 1744
2026/09/14 14:11:57.510, 0, 12288, 10372, 1744
2026/09/14 14:11:57.716, 0, 12288, 10372, 1744
2026/09/14 14:11:57.923, 0, 12288, 10372, 1744
2026/09/14 14:11:58.130, 0, 12288, 10372, 1744
2026/09/14 14:11:58.338, 0, 12288, 10372, 1744
2026/09/14 14:11:58.562, 0, 12288, 10372, 1744
2026/09/14 14:11:58.768, 0, 12288, 10372, 1744
2026/09/14 14:11:58.976, 0, 12288, 10372, 1744
2026/09/14 14:11:59.183, 0, 12288, 10372, 1744
2026/09/14 14:11:59.390, 0, 12288, 10372, 1744
2026/09/14 14:11:59.597, 0, 12288, 10372, 1744
2026/09/14 14:11:59.805, 0, 12288, 11788, 328
2026/09/14 14:12:00.010, 0, 12288, 11804, 312
2026/09/14 14:12:00.213, 0, 12288, 11804, 312
2026/09/14 14:12:00.414, 0, 12288, 11804, 312
2026/09/14 14:12:00.615, 0, 12288, 11804, 312
2026/09/14 14:12:00.819, 0, 12288, 11804, 312
2026/09/14 14:12:01.025, 0, 12288, 11804, 312
2026/09/14 14:12:01.231, 0, 12288, 11804, 312
2026/09/14 14:12:01.438, 0, 12288, 11804, 312
2026/09/14 14:12:01.646, 0, 12288, 11804, 312
2026/09/14 14:12:01.854, 0, 12288, 11804, 312
2026/09/14 14:12:02.061, 0, 12288, 11804, 312
2026/09/14 14:12:02.269, 0, 12288, 11804, 312
2026/09/14 14:12:02.477, 0, 12288, 11804, 312
2026/09/14 14:12:02.683, 0, 12288, 11804, 312
2026/09/14 14:12:02.890, 0, 12288, 11804, 312
2026/09/14 14:12:03.096, 0, 12288, 11804, 312
2026/09/14 14:12:03.300, 0, 12288, 11804, 312
2026/09/14 14:12:03.507, 0, 12288, 11804, 312
2026/09/14 14:12:03.715, 0, 12288, 11804, 312
2026/09/14 14:12:03.921, 0, 12288, 11804, 312
2026/09/14 14:12:04.128, 0, 12288, 11804, 312
2026/09/14 14:12:04.334, 0, 12288, 11804, 312
2026/09/14 14:12:04.540, 0, 12288, 11804, 312
2026/09/14 14:12:04.747, 0, 12288, 11804, 312
2026/09/14 14:12:04.954, 0, 12288, 11804, 312
2026/09/14 14:12:05.161, 0, 12288, 11804, 312
2026/09/14 14:12:05.369, 0, 12288, 11804, 312
2026/09/14 14:12:05.577, 0, 12288, 11804, 312
2026/09/14 14:12:05.785, 0, 12288, 11804, 312
2026/09/14 14:12:05.991, 0, 12288, 11804, 312
2026/09/14 14:12:06.197, 0, 12288, 11804, 312
2026/09/14 14:12:06.405, 0, 12288, 11804, 312
2026/09/14 14:12:06.613, 0, 12288, 11804, 312
2026/09/14 14:12:06.820, 0, 12288, 11804, 312
2026/09/14 14:12:07.026, 0, 12288, 11804, 312
2026/09/14 14:12:07.232, 0, 12288, 11804, 312
2026/09/14 14:12:07.439, 0, 12288, 11804, 312
2026/09/14 14:12:07.647, 0, 12288, 11804, 312
2026/09/14 14:12:07.854, 0, 12288, 11804, 312
2026/09/14 14:12:08.061, 0, 12288, 11804, 312
2026/09/14 14:12:08.267, 0, 12288, 11804, 312
2026/09/14 14:12:08.474, 0, 12288, 11804, 312
2026/09/14 14:12:08.682, 0, 12288, 11804, 312
2026/09/14 14:12:08.887, 0, 12288, 11804, 312
2026/09/14 14:12:09.094, 0, 12288, 11804, 312
2026/09/14 14:12:09.302, 0, 12288, 11804, 312
2026/09/14 14:12:09.509, 0, 12288, 11804, 312
2026/09/14 14:12:09.715, 0, 12288, 11804, 312
2026/09/14 14:12:09.921, 0, 12288, 11804, 312
2026/09/14 14:12:10.128, 0, 12288, 11804, 312
2026/09/14 14:12:10.335, 0, 12288, 11804, 312
2026/09/14 14:12:10.541, 0, 12288, 11804, 312
2026/09/14 14:12:10.748, 0, 12288, 11804, 312
2026/09/14 14:12:10.954, 0, 12288, 11804, 312
2026/09/14 14:12:11.162, 0, 12288, 11804, 312
2026/09/14 14:12:11.370, 0, 12288, 11804, 312
2026/09/14 14:12:11.578, 0, 12288, 11804, 312
2026/09/14 14:12:11.783, 0, 12288, 11804, 312
2026/09/14 14:12:11.990, 0, 12288, 11804, 312
2026/09/14 14:12:12.198, 0, 12288, 11804, 312
2026/09/14 14:12:12.405, 0, 12288, 11804, 312
2026/09/14 14:12:12.609, 0, 12288, 11804, 312
2026/09/14 14:12:12.812, 0, 12288, 11804, 312
2026/09/14 14:12:13.017, 0, 12288, 11804, 312
2026/09/14 14:12:13.225, 0, 12288, 11804, 312
2026/09/14 14:12:13.433, 0, 12288, 11804, 312
2026/09/14 14:12:13.639, 0, 12288, 11804, 312
2026/09/14 14:12:13.845, 0, 12288, 11804, 312
2026/09/14 14:12:14.053, 0, 12288, 11804, 312
2026/09/14 14:12:14.259, 0, 12288, 11804, 312
2026/09/14 14:12:14.464, 0, 12288, 11804, 312
2026/09/14 14:12:14.671, 0, 12288, 11804, 312
2026/09/14 14:12:14.878, 0, 12288, 11804, 312
2026/09/14 14:12:15.086, 0, 12288, 11804, 312
2026/09/14 14:12:15.294, 0, 12288, 11804, 312
2026/09/14 14:12:15.502, 0, 12288, 11804, 312
2026/09/14 14:12:15.708, 0, 12288, 11804, 312
2026/09/14 14:12:15.915, 0, 12288, 11804, 312
2026/09/14 14:12:16.122, 0, 12288, 11804, 312
2026/09/14 14:12:16.328, 0, 12288, 11804, 312
2026/09/14 14:12:16.535, 0, 12288, 11804, 312
2026/09/14 14:12:16.743, 0, 12288, 11804, 312
2026/09/14 14:12:16.951, 0, 12288, 11804, 312
2026/09/14 14:12:17.156, 0, 12288, 11804, 312
2026/09/14 14:12:17.362, 0, 12288, 11804, 312
2026/09/14 14:12:17.569, 0, 12288, 11804, 312
2026/09/14 14:12:17.776, 0, 12288, 11804, 312
2026/09/14 14:12:17.983, 0, 12288, 11804, 312
2026/09/14 14:12:18.191, 0, 12288, 11804, 312
2026/09/14 14:12:18.399, 0, 12288, 11804, 312
2026/09/14 14:12:18.607, 0, 12288, 11804, 312
2026/09/14 14:12:18.815, 0, 12288, 11804, 312
2026/09/14 14:12:19.023, 0, 12288, 11804, 312
2026/09/14 14:12:19.228, 0, 12288, 11804, 312
2026/09/14 14:12:19.435, 0, 12288, 11804, 312
2026/09/14 14:12:19.642, 0, 12288, 11804, 312
2026/09/14 14:12:19.850, 0, 12288, 11804, 312
2026/09/14 14:12:20.058, 0, 12288, 11804, 312
2026/09/14 14:12:20.265, 0, 12288, 11804, 312
2026/09/14 14:12:20.471, 0, 12288, 11804, 312
2026/09/14 14:12:20.678, 0, 12288, 11804, 312
2026/09/14 14:12:20.886, 0, 12288, 11804, 312
2026/09/14 14:12:21.094, 0, 12288, 11804, 312
2026/09/14 14:12:21.301, 0, 12288, 11804, 312
2026/09/14 14:12:21.509, 0, 12288, 11804, 312
2026/09/14 14:12:21.716, 0, 12288, 11804, 312
2026/09/14 14:12:21.920, 0, 12288, 11804, 312
2026/09/14 14:12:22.125, 0, 12288, 11804, 312
2026/09/14 14:12:22.331, 0, 12288, 11804, 312
2026/09/14 14:12:22.537, 0, 12288, 11804, 312
2026/09/14 14:12:22.743, 0, 12288, 11804, 312
2026/09/14 14:12:22.948, 0, 12288, 594, 11522
2026/09/14 14:12:23.155, 0, 12288, 594, 11522
2026/09/14 14:12:23.363, 0, 12288, 594, 11522
2026/09/14 14:12:23.569, 0, 12288, 594, 11522
2026/09/14 14:12:23.777, 0, 12288, 594, 11522
2026/09/14 14:12:23.984, 0, 12288, 594, 11522
